{"cameraMode":{"drawMode":0,"name":"Shaded","section":"Shading Mode"},"sceneLighting":true,"audioPlay":false,"sceneViewState":{"showFog":true,"showMaterialUpdate":false,"showSkybox":true,"showFlares":true,"showImageEffects":true,"showParticleSystems":true},"in2DMode":false,"pivot":{"x":396.0904541015625,"y":930.289794921875,"z":15.220731735229493},"rotation":{"x":0.19122053682804109,"y":-0.003817431628704071,"z":0.0007437534513883293,"w":0.9815409779548645},"size":158.15077209472657,"orthographic":true}