{"cameraMode":{"drawMode":0,"name":"Shaded","section":"Shading Mode"},"sceneLighting":false,"audioPlay":false,"sceneViewState":{"showFog":true,"showMaterialUpdate":false,"showSkybox":false,"showFlares":true,"showImageEffects":true,"showParticleSystems":true},"in2DMode":false,"pivot":{"x":-2.059999465942383,"y":4.092999458312988,"z":-1.6100001335144044},"rotation":{"x":0.003673144616186619,"y":-0.9955890774726868,"z":0.0827309712767601,"w":0.04424135759472847},"size":27.038955688476564,"orthographic":false}